<?xml version="1.0"?>
<!DOCTYPE hibernate-mapping PUBLIC "-//Hibernate/Hibernate Mapping DTD 3.0//EN"
"http://hibernate.sourceforge.net/hibernate-mapping-3.0.dtd">
<!-- Generated 2014-1-26 18:01:31 by Hibernate Tools 3.4.0.CR1 -->
<hibernate-mapping>
    <class name="cn.larry.mysearcher.entity.ClimbHistory" table="CLIMBHISTORY">
        <id name="id" type="int">
            <column name="ID" />
            <generator class="assigned" />
        </id>
        <property name="starttime" type="java.lang.String">
            <column name="STARTTIME" />
        </property>
        <property name="endtime" type="java.lang.String">
            <column name="ENDTIME" />
        </property>
        <property name="startdomain" type="java.lang.String">
            <column name="STARTDOMAIN" />
        </property>
        <property name="enddomain" type="java.lang.String">
            <column name="ENDDOMAIN" />
        </property>
        <property name="climbeddomain" type="int">
            <column name="CLIMBEDDOMAIN" />
        </property>
        <property name="storedpage" type="int">
            <column name="STOREDPAGE" />
        </property>
        <property name="climbedpage" type="int">
            <column name="CLIMBEDPAGE" />
        </property>
    </class>
</hibernate-mapping>
