<?xml version="1.0"?>
<!DOCTYPE hibernate-mapping PUBLIC "-//Hibernate/Hibernate Mapping DTD 3.0//EN"
"http://hibernate.sourceforge.net/hibernate-mapping-3.0.dtd">
<!-- Generated 2014-1-23 15:59:20 by Hibernate Tools 3.4.0.CR1 -->
<hibernate-mapping>
    <class name="cn.larry.mysearcher.entity.ClimbedDomain" table="CLIMBEDDOMAIN">
        <id name="id" type="int">
            <column name="ID" />
            <generator class="assigned" />
        </id>
        <property name="domain" type="java.lang.String">
            <column name="DOMAIN" />
        </property>
        <property name="climbtime" type="java.lang.String">
            <column name="CLIMBTIME" />
        </property>
        <property name="pages" type="int">
            <column name="PAGES" />
        </property>
    </class>
</hibernate-mapping>
