<?xml version="1.0"?>
<!DOCTYPE hibernate-mapping PUBLIC "-//Hibernate/Hibernate Mapping DTD 3.0//EN"
"http://hibernate.sourceforge.net/hibernate-mapping-3.0.dtd">
<!-- Generated 2014-1-23 15:59:40 by Hibernate Tools 3.4.0.CR1 -->
<hibernate-mapping>
    <class name="cn.larry.mysearcher.entity.Pages" table="PAGES">
        <id name="id" type="int">
            <column name="ID" />
            <generator class="assigned" />
        </id>
        <property name="url" type="java.lang.String">
            <column name="URL" />
        </property>
        <property name="title" type="java.lang.String">
            <column name="TITLE" />
        </property>
        <property name="description" type="java.lang.String">
            <column name="DESCRIPTION" />
        </property>
        <property name="degest" type="java.lang.String">
            <column name="DEGEST" />
        </property>
        <property name="importance" type="int">
            <column name="IMPORTANCE" />
        </property>
        <property name="valuation" type="int">
            <column name="VALUATION" />
        </property>
        <property name="addtime" type="java.lang.String">
            <column name="ADDTIME" />
        </property>
    </class>
</hibernate-mapping>
