<?xml version="1.0" encoding="UTF-8"?>
<beans xmlns="http://www.springframework.org/schema/beans"
	xmlns:xsi="http://www.w3.org/2001/XMLSchema-instance" xmlns:p="http://www.springframework.org/schema/p"
	xmlns:context="http://www.springframework.org/schema/context"
	xmlns:mvc="http://www.springframework.org/schema/mvc" xmlns:util="http://www.springframework.org/schema/util"
	xsi:schemaLocation="http://www.springframework.org/schema/beans http://www.springframework.org/schema/beans/spring-beans-3.0.xsd
		http://www.springframework.org/schema/context http://www.springframework.org/schema/context/spring-context-3.0.xsd
        http://www.springframework.org/schema/util http://www.springframework.org/schema/util/spring-util-3.0.xsd
        http://www.springframework.org/schema/mvc http://www.springframework.org/schema/mvc/spring-mvc-3.0.xsd">

	

	<!-- 默认的注解映射支持 -->
	<!-- 此配置会自动装配一下两个bean，所以配置了该条语句之后，就不需要配置下面两个bean了 -->
	<mvc:annotation-driven />
	<!-- <bean id="validator" class="org.springframework.validation.beanvalidation.LocalValidatorFactoryBean"/> -->

	<!-- annotation默认的方法映射适配器  -->
	<bean id="annotationMapping" class="org.springframework.web.servlet.mvc.annotation.DefaultAnnotationHandlerMapping"/> 
    <bean id="annotationAdapter" class="org.springframework.web.servlet.mvc.annotation.AnnotationMethodHandlerAdapter"/>
	
	<bean class="org.springframework.web.servlet.view.ContentNegotiatingViewResolver">
  <property name="mediaTypes">
    <map>
      <entry key="atom" value="application/atom+xml"/>
      <entry key="html" value="text/html"/>
      <entry key="json" value="application/json"/>
    </map>
  </property>
  <property name="viewResolvers">
    <list>
      <bean class="org.springframework.web.servlet.view.BeanNameViewResolver"/>
      <bean class="org.springframework.web.servlet.view.InternalResourceViewResolver">
        <property name="prefix" value="/WEB-INF/jsp/"/>
        <property name="suffix" value=".jsp"/>
      </bean>
    </list>
  </property>
  <property name="defaultViews">
    <list>
      <bean class="org.springframework.web.servlet.view.json.MappingJackson2JsonView" />
    </list>
  </property>
</bean>


	<!-- 对静态资源文件的访问 -->

		
	<!--配置view -->
	<bean class="org.springframework.web.servlet.view.InternalResourceViewResolver" p:prefix="/" p:suffix=".jsp" />
	<bean id="multipartResolver" class="org.springframework.web.multipart.commons.CommonsMultipartResolver">
		<property name="defaultEncoding">
			<value>UTF-8</value>
		</property>
		<property name="maxUploadSize">
			<value>32505856</value><!-- 上传文件大小限制为31M，31*1024*1024 -->
		</property>
		<property name="maxInMemorySize">
			<value>4096</value>
		</property>
	</bean>

	<!-- 配置全局异常处理 -->
	<bean id="exceptionResolver"
		class="org.springframework.web.servlet.handler.SimpleMappingExceptionResolver">
		<property name="defaultErrorView">
			<value>/error/error</value>
		</property>
		<property name="defaultStatusCode">
			<value>500</value>
		</property>
		<property name="warnLogCategory">
			<value>org.springframework.web.servlet.handler.SimpleMappingExceptionResolver
			</value>
		</property>
	</bean>

</beans>